Participant,Stimuli,Attention,NumFix,AvgFixDur,NumBlink,AvgBlinkDur,AvgPupDia,VarPupDia,OffStimFram
1Y,India_3,0,43,22.41860465116279,8,7.625,4.413599718063273,0.1479236350708088,9
1Y,NYC_1,1,35,29.8,3,12.333333333333334,4.074196797372558,0.1897198631158418,5
1Y,London_1,1,36,28.86111111111111,7,9.571428571428571,3.663789331119676,0.0581138558104454,2
1Y,Brazil_3,0,51,18.7843137254902,6,10.833333333333334,4.026872185298375,0.0706681712924175,7
1Y,India_1,0,35,30.31428571428572,4,7.75,4.322289124323724,0.0829057967431561,2
1Y,Mexico_3,0,48,20.1875,11,7.090909090909091,4.4950431658472825,0.1395612575304809,7
1Y,Italy_1,0,47,20.51063829787234,2,33.0,4.536241243823525,0.1174686811332956,16
1Y,NYC_4,0,38,25.68421052631579,5,16.8,4.234521076002345,0.2028645412820614,22
1Y,HongKong_1,0,39,25.692307692307693,5,10.2,3.947171636213336,0.0841706526603376,6
1Y,Singapore_1,1,36,29.30555555555556,1,10.0,4.349854413966677,0.1285668028016187,0
1Y,Vietnam_1,1,24,43.25,5,8.4,4.487221456531039,0.1403702166553986,5
1Y,Sweden_2,0,40,23.2,9,7.0,4.647107834511615,0.2746605026386504,12
1Y,France_1,0,27,37.03703703703704,6,10.5,4.597100963354536,0.2121778677982897,0
1Y,Italy_4,0,43,21.348837209302324,10,8.4,3.510399071691696,0.1230833151369934,11
1Y,Mexico_1,0,29,33.51724137931034,10,9.4,4.062894373506172,0.1992098156426869,7
1Y,HongKong_3,1,24,41.208333333333336,10,10.0,3.842237556067696,0.1377196415700321,4
1Y,Russia_1,0,27,38.11111111111112,7,9.571428571428571,3.903753439867687,0.0995817851972086,9
1Y,Sweden_4,0,30,35.3,3,13.333333333333334,3.5958420266230555,0.0845734044140646,5
1Y,Singapore_3,0,42,24.357142857142858,6,8.0,3.642522082165237,0.0626643290440491,5
1Y,London_3,0,40,26.275,4,9.5,4.107048484233678,0.2334109998605165,0
1Y,Russia_3,0,23,44.26086956521739,6,10.666666666666666,4.055014801699961,0.0896213857205518,28
1Y,France_3,1,36,29.5,1,13.0,3.721148153601105,0.0583644319403852,5
1Y,Brazil_1,0,40,24.775,6,10.333333333333334,4.074593591351881,0.2216433996193249,10
1Y,Vietnam_2,0,52,19.384615384615383,5,7.8,4.056117556873381,0.1196283683418564,11
2U,Sweden_4,1,47,20.574468085106385,6,6.166666666666667,3.4626883502646444,0.1343879933752555,50
2U,India_3,1,32,32.53125,5,9.2,2.9470958593919394,0.1801563312766757,16
2U,Mexico_1,0,50,19.68,8,8.875,3.2708269675643606,0.2147765016865364,9
2U,France_1,1,41,24.75609756097561,9,6.222222222222222,4.123629399349815,0.5250033028226648,5
2U,Mexico_3,1,44,23.52272727272728,3,8.666666666666666,3.2500866767561303,0.2945284127656078,18
2U,Vietnam_2,0,40,26.075,9,6.444444444444445,3.784385131406868,0.4735518272316235,5
2U,Singapore_3,0,39,24.307692307692307,11,8.181818181818182,3.122462983122724,0.527769045883977,22
2U,Italy_1,1,43,23.48837209302325,6,9.0,3.2638492785002056,0.1303218124101583,23
2U,London_3,1,33,26.69696969696969,8,17.375,3.463628215881056,0.5173621445464444,54
2U,Sweden_2,1,46,19.565217391304348,8,12.0,3.4014442373853213,0.5267732769849783,41
2U,HongKong_1,1,43,23.511627906976745,7,7.0,3.2267366500921124,0.2086280720495672,8
2U,Brazil_1,1,35,27.34285714285714,7,10.428571428571429,3.183409978742591,0.1385443902766351,5
2U,France_3,0,36,24.666666666666668,6,18.166666666666668,3.2452465951387066,0.3408889115542935,16
2U,India_1,0,39,25.46153846153846,10,7.2,3.5022321916010384,0.2944762415048525,3
2U,Russia_1,1,22,42.5,7,12.142857142857142,3.072163723551803,0.4215259646594522,11
2U,London_1,0,30,33.36666666666667,6,8.0,3.4395147897989946,0.3754040999143789,26
2U,NYC_1,0,42,22.857142857142858,11,7.818181818181818,3.897228040919381,0.2462018051261484,20
2U,NYC_4,1,31,28.0,13,12.23076923076923,3.25457299273947,0.2124627969501388,25
2U,Italy_4,1,35,25.914285714285715,9,17.11111111111111,3.239700243526137,0.2092293258717991,6
2U,Brazil_3,1,31,30.516129032258064,9,13.11111111111111,3.0691261997929327,0.3315280139421609,12
2U,Russia_3,0,35,25.085714285714285,6,16.666666666666668,3.10312726192439,0.2750312499505231,16
2U,HongKong_3,0,45,21.68888888888889,8,8.625,3.203118594572506,0.1316406488746081,10
2U,Singapore_1,0,40,25.525,9,7.444444444444445,3.708048958427206,0.2454505038111493,8
2U,Vietnam_1,1,44,22.795454545454547,5,5.8,3.826516868328226,0.2069530027482379,38
3S,Sweden_2,1,54,17.35185185185185,11,7.090909090909091,2.8247674433159524,0.1382586749549622,12
3S,Russia_1,1,44,19.954545454545453,15,12.066666666666666,2.5656831563111564,0.0372690926716081,3
3S,Singapore_3,1,36,27.694444444444443,11,10.090909090909092,2.5814591580211457,0.0192078886498051,1
3S,France_3,0,36,25.80555555555556,16,8.75,2.62155511684673,0.0352363650407807,3
3S,HongKong_1,1,27,36.66666666666666,14,9.214285714285714,2.6474927338278675,0.0128289551515281,5
3S,London_1,1,48,17.958333333333332,22,8.863636363636363,2.5623721693414283,0.029172559374554,0
3S,Mexico_1,1,38,26.31578947368421,11,8.454545454545455,2.563946315220424,0.0285881475820887,3
3S,Vietnam_2,1,48,20.5625,12,8.083333333333334,2.8857871519316225,0.0572598511607375,29
3S,Russia_3,0,40,21.1,20,10.25,2.797237195466694,0.0968114521245874,7
3S,HongKong_3,1,40,21.225,17,9.882352941176473,2.7384460000430835,0.0417041662539827,8
3S,Singapore_1,1,44,21.068181818181817,13,11.923076923076923,2.524869604303844,0.0445203765515269,7
3S,India_1,0,52,16.634615384615383,19,10.0,2.770587529403976,0.038863971660839,5
3S,Mexico_3,0,49,19.142857142857142,16,8.625,2.7365567911131894,0.0623158346801829,6
3S,Vietnam_1,0,44,19.13636363636364,19,10.473684210526317,2.8541655113948647,0.0501812304215787,12
3S,NYC_4,1,51,17.627450980392158,16,9.625,2.6654834949636874,0.0534723028609047,7
3S,Italy_1,0,52,15.961538461538462,22,10.727272727272728,2.585625652488804,0.0205668362679716,4
3S,Sweden_4,0,45,18.933333333333334,20,10.0,2.6791391487581184,0.0518104898820586,2
3S,Italy_4,0,42,18.857142857142858,23,9.043478260869565,2.641644605258216,0.0463672573789752,4
3S,Brazil_1,0,46,17.630434782608695,28,10.214285714285714,2.5669407254372603,0.0225088286593242,0
3S,India_3,1,46,19.39130434782609,19,10.210526315789474,2.622744573619896,0.0677523914835247,7
3S,France_1,0,40,22.4,16,11.25,2.7383563991595588,0.1037594992189577,3
3S,NYC_1,0,48,16.6875,26,9.26923076923077,2.4976405361521605,0.0273737534719229,4
3S,Brazil_3,1,46,20.065217391304348,14,9.428571428571429,2.4076507021861744,0.0178536401784878,5
3S,London_3,0,57,14.771929824561404,15,8.333333333333334,2.483872813098836,0.0391008316088218,39
4M,Singapore_1,1,59,15.610169491525424,2,12.0,4.270349846082527,0.113687605778972,27
4M,Brazil_3,1,37,25.83783783783784,2,17.5,3.9233189340477286,0.1156371121871346,1
4M,Mexico_1,1,40,22.45,6,12.833333333333334,4.263088049207415,0.6866244636747258,4
4M,India_1,1,35,23.4,6,22.666666666666668,4.425044740689608,0.2603618725551618,74
4M,India_3,1,41,19.902439024390244,11,15.636363636363637,4.039001078168783,0.1816857100199411,33
4M,HongKong_1,1,29,17.0,15,24.466666666666665,3.3060188898964533,0.1597139602342507,27
4M,Singapore_3,0,26,17.576923076923077,4,157.5,3.619964272050397,0.2122657484295421,6
4M,Vietnam_1,0,28,18.428571428571427,12,38.75,4.275211286610936,0.3236864562043065,30
4M,NYC_1,1,30,20.6,8,48.25,3.919631692637568,0.2186771427617579,36
4M,London_3,0,23,26.82608695652174,11,31.363636363636363,3.989416237282781,0.3306965875399884,41
4M,NYC_4,0,29,16.06896551724138,7,75.57142857142857,4.214093533818593,0.2691681782620617,27
4M,Italy_4,0,11,23.545454545454547,5,163.8,4.120813924153646,0.3683253083101602,28
4M,Vietnam_2,1,31,24.870967741935484,12,16.0,3.803936663401653,0.2507848485315382,68
4M,HongKong_3,0,23,20.47826086956522,8,68.5,3.994613287583837,0.3663864947909175,18
4M,France_3,1,15,27.73333333333333,3,245.66666666666663,4.46405674081988,0.3058182052957634,24
4M,Sweden_2,1,40,20.8,9,13.444444444444445,4.862133561834538,0.3509819742153796,78
4M,France_1,1,40,20.95,10,14.3,4.537864619726005,0.7377789603175354,44
4M,London_1,1,34,27.205882352941178,5,12.2,3.5274427968559534,0.1927190973078641,51
4M,Brazil_1,1,50,18.64,5,15.4,4.191879599143308,0.0662357657610401,37
4M,Russia_3,1,39,21.28205128205128,6,23.0,3.960556540844773,0.2443965682429749,34
4M,Russia_1,1,32,22.84375,9,27.444444444444443,3.54224565657099,0.1587490720663215,43
4M,Sweden_4,1,36,28.02777777777778,0,0.0,3.752017962095331,0.287334184956427,35
4M,Italy_1,0,21,21.33333333333333,6,95.0,3.9945509141491296,0.2125156718749039,26
4M,Mexico_3,1,49,17.224489795918366,2,29.5,4.204388981854979,0.2295376636388564,38
5N,Brazil_3,1,36,30.52777777777778,2,7.5,5.004064637261468,0.0727050630247754,0
5N,Italy_4,0,31,34.87096774193548,3,6.666666666666667,4.963433172664368,0.1213503312479611,6
5N,Singapore_3,1,35,31.057142857142857,2,5.5,4.391648073454161,0.1156942571883081,5
5N,London_1,1,34,31.23529411764705,5,8.4,4.81009877830512,0.0671525918730817,1
5N,HongKong_1,0,33,31.848484848484848,4,8.75,4.851268784739045,0.1048860414333138,9
5N,Mexico_3,0,25,42.92,5,7.6,5.215594860934472,0.1293871601562444,1
5N,Sweden_2,1,31,35.225806451612904,3,6.0,5.112822632146549,0.0979774238977944,8
5N,Vietnam_2,0,42,24.95238095238096,4,7.75,4.820232764320963,0.1574370076019841,11
5N,Brazil_1,0,30,35.8,4,7.25,4.57717775524172,0.3166675815775355,4
5N,Mexico_1,1,29,37.13793103448276,4,8.5,4.6931191215449255,0.3639120687356006,6
5N,France_1,0,36,30.52777777777778,2,9.5,5.27891719128946,0.0844171326227677,8
5N,Vietnam_1,0,31,34.354838709677416,3,6.666666666666667,5.365734419863448,0.1325637945269997,7
5N,Italy_1,0,41,26.390243902439025,2,10.0,5.273544804999169,0.1654611008677231,2
5N,Singapore_1,0,24,47.333333333333336,1,10.0,4.8755666652647385,0.0863466953473893,1
5N,France_3,0,32,34.15625,3,6.333333333333333,4.976933085382541,0.1577810221875653,2
5N,London_3,1,32,34.28125,2,8.5,4.573974972370832,0.2851011949442719,2
5N,India_1,0,36,29.166666666666668,3,16.0,4.843444652027554,0.0641365814373186,0
5N,India_3,0,28,38.0,6,6.666666666666667,4.914765419791047,0.1195638008845661,6
5N,Sweden_4,0,34,32.088235294117645,2,9.5,4.765623681019928,0.1643137967380629,0
5N,NYC_1,0,36,30.33333333333333,1,22.0,4.829131755699106,0.2461104210264958,1
5N,Russia_3,1,31,33.0,3,26.666666666666668,4.873766912732806,0.139561956996646,17
5N,NYC_4,0,27,40.37037037037037,2,5.5,4.549831824310769,0.2188061691285669,5
5N,Russia_1,0,22,47.90909090909091,5,11.6,4.702492630272581,0.1276775565490815,2
5N,HongKong_3,0,50,20.46,2,6.5,5.142605614215389,0.0552105101923399,10
6Y,Vietnam_1,1,46,23.08695652173913,2,5.0,4.389693141488278,0.5862152152116962,6
6Y,Brazil_3,1,43,24.813953488372093,5,6.2,3.469822254099048,0.2546393990915689,3
6Y,NYC_4,1,40,26.95,4,6.0,3.720897226154906,0.2450217048714507,2
6Y,Russia_3,1,35,30.4,4,8.25,3.7154578865862335,0.3229220511510609,2
6Y,Italy_4,1,34,32.11764705882353,4,6.75,3.314559805994874,0.2486983338543778,1
6Y,Sweden_4,1,29,37.6551724137931,4,10.25,3.3882001054214834,0.1635130901060431,0
6Y,India_3,1,28,37.82142857142857,4,12.75,3.725322606782205,0.2545693814162225,7
6Y,India_1,1,27,40.7037037037037,5,7.8,3.850334712906607,0.1578716061677685,2
6Y,France_3,1,45,23.355555555555554,3,10.0,3.642014668870322,0.3252865314225411,11
6Y,Mexico_1,0,29,37.241379310344826,2,18.5,3.406065624068327,0.1151656241244295,3
6Y,HongKong_3,1,23,47.43478260869565,4,9.25,3.6404588399567546,0.0937284904607501,1
6Y,Vietnam_2,1,30,35.93333333333333,4,8.75,3.8695400872177137,0.1009089935323544,7
6Y,London_1,1,26,41.80769230769231,4,8.75,3.929376997418785,0.7143417563568054,3
6Y,Singapore_3,1,31,35.483870967741936,2,18.5,3.1048926418459137,0.0600782886142469,1
6Y,NYC_1,1,36,29.944444444444443,4,11.25,3.635997977878736,0.1004922492428938,1
6Y,Mexico_3,0,37,28.513513513513512,6,8.5,4.075415328819993,0.4581781706070124,0
6Y,Brazil_1,0,42,24.547619047619047,3,12.0,3.5260698799465016,0.0947755076689885,7
6Y,London_3,1,17,66.88235294117646,2,9.0,3.534745166346103,0.1140005905697408,1
6Y,Sweden_2,0,35,30.77142857142857,4,8.25,3.23502365584226,0.2380455231583275,2
6Y,Russia_1,1,37,28.08108108108108,6,6.666666666666667,3.37148739754168,0.2414072880001312,2
6Y,Italy_1,0,40,27.5,1,6.0,3.743462386609329,0.1449349134701198,0
6Y,France_1,0,27,39.7037037037037,2,23.0,4.217834179730107,0.475308523521018,2
6Y,Singapore_1,0,24,45.958333333333336,2,9.5,3.5158254314942647,0.2258791407626129,0
6Y,HongKong_1,1,51,20.19607843137255,2,7.5,3.647060093382236,0.1220749725966815,1
7Y,Mexico_1,1,46,18.717391304347824,9,6.888888888888889,4.23954183559775,0.1009117279558784,1
7Y,Italy_4,1,40,23.45,16,7.0,4.540138553170597,0.1784431005723459,4
7Y,London_3,1,46,18.869565217391305,13,7.3076923076923075,4.328087460307604,0.0781658144381863,17
7Y,Italy_1,1,47,16.106382978723403,26,7.3076923076923075,4.66757455444336,0.1732646439885553,29
7Y,Russia_3,1,35,26.88571428571429,17,6.117647058823529,4.262272807679845,0.2035573260601611,10
7Y,Singapore_3,1,33,27.363636363636363,5,8.2,4.177323728981383,0.2041279185735559,9
7Y,Vietnam_1,0,42,22.73809523809524,12,7.5,4.52003842771216,0.1109995382149085,5
7Y,HongKong_3,1,41,23.5609756097561,13,6.230769230769231,4.162874699924191,0.1882303226966969,6
7Y,HongKong_1,1,42,22.11904761904762,15,6.2,3.93865132983265,0.0726176330878583,3
7Y,Russia_1,1,43,19.13953488372093,22,8.090909090909092,4.215529344213291,0.0909935449422491,11
7Y,Brazil_1,1,43,21.88372093023256,11,7.818181818181818,4.204862786549821,0.0634403122600105,1
7Y,France_3,1,41,22.463414634146343,11,7.0,3.975489788089419,0.0884040941099984,1
7Y,India_3,0,42,21.428571428571427,16,7.4375,4.118896512684442,0.0999332296648188,4
7Y,Mexico_3,1,41,21.390243902439025,7,6.857142857142857,4.212361532863862,0.1246522443501833,9
7Y,London_1,1,35,26.4,12,6.916666666666667,4.122078982579784,0.1116620636481968,6
7Y,Singapore_1,1,43,20.88372093023256,11,8.818181818181818,4.1073533852749415,0.161129067221,13
7Y,Sweden_4,0,41,20.73170731707317,13,6.923076923076923,4.377917408727608,0.0993445207322327,9
7Y,France_1,1,32,30.4375,15,8.266666666666667,4.622941850286434,0.1158426606501875,4
7Y,India_1,1,43,22.25581395348837,13,8.0,4.373147202935411,0.0369654841860292,3
7Y,NYC_4,1,32,30.46875,11,9.0,4.354712361950384,0.3549750320373702,5
7Y,Brazil_3,1,40,22.375,12,8.333333333333334,3.8731211671041774,0.0881540723606477,13
7Y,Vietnam_2,1,42,22.904761904761905,7,9.714285714285714,4.030017609291888,0.1535206797980245,19
7Y,Sweden_2,1,34,26.823529411764707,8,9.625,4.130544512612479,0.1155717249811648,11
7Y,NYC_1,1,53,16.660377358490567,8,6.625,4.134555649045063,0.0969547848391224,7
8I,Brazil_1,1,46,22.0,5,8.4,4.009726380512001,0.0657399118457828,4
8I,Italy_4,1,34,30.647058823529413,5,12.8,4.071729132469664,0.127957439687889,1
8I,France_1,1,35,30.542857142857144,5,9.0,3.972050136249659,0.1304516315726581,2
8I,London_3,1,44,23.59090909090909,5,10.4,3.4875947513396763,0.0279178482538441,0
8I,Italy_1,1,37,28.783783783783782,4,8.75,4.096198620215097,0.3264260908749075,0
8I,Singapore_3,1,38,28.026315789473685,5,10.2,3.394741274150586,0.0358487733849654,0
8I,Brazil_3,1,38,27.394736842105264,5,9.8,3.728135358858903,0.1032581001509743,0
8I,Russia_1,1,34,30.852941176470587,4,16.5,3.9099967719184026,0.0819422158055952,0
8I,Russia_3,1,43,25.74418604651163,0,0.0,3.855989017247156,0.0890003907126736,0
8I,Sweden_4,1,37,28.7027027027027,4,11.75,3.686377863623428,0.0807408036280068,3
8I,Vietnam_2,1,42,25.73809523809524,3,8.333333333333334,3.61310705963213,0.0668696110421367,4
8I,India_3,1,26,42.88461538461539,2,9.0,3.747389892888736,0.066962541118625,0
8I,London_1,1,34,31.38235294117647,4,6.5,3.691559701595666,0.1002054886449289,0
8I,Mexico_1,1,36,29.63888888888889,6,8.666666666666666,3.8704793941694025,0.1255746626178959,0
8I,Sweden_2,1,27,40.333333333333336,4,7.5,4.151203418600148,0.1277488927882335,0
8I,India_1,1,26,43.65384615384615,0,0.0,3.719813527374012,0.0711177993538201,0
8I,HongKong_1,1,45,24.044444444444444,3,6.666666666666667,3.6865879929197134,0.067840702730005,3
8I,Mexico_3,1,40,26.775,6,8.0,4.088452951951763,0.1181495317240263,0
8I,Singapore_1,1,43,24.32558139534884,5,6.4,3.9803826337016592,0.0854123863837785,0
8I,HongKong_3,1,37,29.216216216216218,5,9.0,4.301197690000102,0.0549365394810544,0
8I,NYC_1,1,41,24.682926829268293,7,8.857142857142858,4.1311378208458,0.0585573230885142,2
8I,NYC_4,1,28,39.535714285714285,1,8.0,3.810912114452628,0.0848126604151783,4
8I,Vietnam_1,1,32,33.90625,4,8.5,4.135879213534077,0.1700769901279143,0
8I,France_3,1,45,23.0,1,6.0,4.164183750786744,0.0633111775469754,17
9T,London_1,0,46,18.32608695652174,19,9.36842105263158,3.149399676501633,0.0490362477464642,6
9T,France_3,1,46,15.73913043478261,21,11.428571428571429,3.2252224004531334,0.0758079066632271,11
9T,Vietnam_2,1,54,15.11111111111111,16,9.5,3.078825236750294,0.0882357444258617,16
9T,NYC_4,1,47,16.51063829787234,17,12.941176470588236,3.2784026503072354,0.0724108245150159,21
9T,HongKong_1,1,47,16.4468085106383,21,10.428571428571429,3.0466172472178505,0.0893114976221937,56
9T,Italy_1,0,54,14.055555555555555,21,11.19047619047619,3.296875559222636,0.1056182899538995,14
9T,Brazil_3,1,53,14.30188679245283,22,10.136363636363637,2.9818874402345763,0.1220663048464763,29
9T,India_1,1,45,15.177777777777775,27,9.962962962962964,3.2403198742475667,0.091854930438325,10
9T,Brazil_1,1,50,16.72,19,10.0,3.0506036255490128,0.0641380208630996,26
9T,France_1,1,46,17.717391304347824,19,11.052631578947368,2.9523544466908254,0.0453856588462574,9
9T,London_3,0,38,21.13157894736842,15,13.133333333333333,2.801544465769225,0.3716390669084359,7
9T,Vietnam_1,0,42,18.38095238095238,21,11.904761904761903,3.493520688202421,0.17479307185041,23
9T,Sweden_4,1,41,19.73170731707317,18,11.77777777777778,2.977277578806901,0.1414710014596886,13
9T,Sweden_2,1,46,16.08695652173913,20,12.25,3.092554599423952,0.1148187687619699,10
9T,NYC_1,1,40,19.025,20,10.3,2.832175024489337,0.080073079691552,27
9T,Italy_4,0,40,17.125,23,11.043478260869565,3.11787455306094,0.0906434117777373,30
9T,Russia_1,0,43,18.906976744186046,20,11.55,3.000876072024511,0.062194508969642,5
9T,Russia_3,1,47,17.21276595744681,20,11.6,2.913969525639315,0.0772056786110901,3
9T,Mexico_3,1,42,18.19047619047619,20,11.55,2.7916106702382693,0.0979013701253635,11
9T,Singapore_3,1,33,24.51515151515152,19,11.578947368421051,2.9768143564493355,0.1481324937133903,6
9T,India_3,0,41,17.951219512195124,20,11.8,3.305599435170492,0.1670076987995515,10
9T,Singapore_1,0,35,20.714285714285715,17,15.823529411764708,2.82461921938004,0.1475686227724583,3
9T,Mexico_1,0,22,39.22727272727273,17,12.529411764705882,3.243234165825489,0.1800000472252124,0
9T,HongKong_3,0,42,16.547619047619047,22,12.681818181818182,3.337526510690005,0.1983825325795801,27
10H,London_3,0,29,37.55172413793103,3,9.0,3.1794078209099856,0.0736592601928918,5
10H,France_3,1,26,41.34615384615385,5,8.8,3.334450956034413,0.0575067784153395,0
10H,India_1,1,36,26.13888888888889,12,10.083333333333334,3.2247440944208163,0.1502067941864103,14
10H,Vietnam_2,1,29,29.517241379310345,10,26.8,3.225164876958375,0.1392232414593089,4
10H,NYC_1,0,39,23.7948717948718,12,13.25,3.381826926288348,0.12118119957835,0
10H,Sweden_4,0,36,22.36111111111111,15,18.6,3.4392767025793685,0.2401245622420392,8
10H,France_1,0,36,26.02777777777778,8,9.5,3.449564731272509,0.416569590521606,12
10H,Russia_3,0,26,37.73076923076923,12,11.5,3.362956203309829,0.2532822873147499,0
10H,London_1,0,30,21.666666666666668,21,19.428571428571427,3.0230204264322915,0.2559661612824206,1
10H,Singapore_1,0,28,35.57142857142857,7,12.142857142857142,3.6541379061612216,0.5400596980366585,1
10H,Russia_1,0,31,31.387096774193548,6,17.5,3.332453381807241,0.1942672527465944,19
10H,HongKong_1,0,35,27.02857142857143,6,13.0,3.683617135752802,0.0783286691866262,28
10H,NYC_4,0,34,24.5,8,30.625,3.697841878169183,0.2211424868460013,35
10H,Singapore_3,0,24,40.54166666666666,10,14.5,3.4132955534814315,0.1741124033705111,9
10H,HongKong_3,0,17,16.764705882352942,12,63.083333333333336,2.8232384087904445,0.3544842275503534,21
10H,Vietnam_1,0,27,34.666666666666664,5,29.0,3.862039558787763,0.2349443405333809,15
10H,Brazil_1,0,38,24.73684210526316,5,26.4,3.7021547306728895,0.1676986838929157,4
10H,Brazil_3,0,28,26.785714285714285,14,23.428571428571427,3.5415638514927457,0.1107299454920476,9
10H,Italy_4,0,28,27.428571428571427,9,33.22222222222222,3.539911476341454,0.286755430139644,0
10H,Mexico_3,0,21,21.714285714285715,11,56.36363636363637,2.921347947307329,0.2845008100693253,15
10H,Mexico_1,0,23,36.95652173913044,9,22.444444444444443,3.3573782960213685,0.1034913966841561,41
10H,Sweden_2,0,19,31.73684210526316,9,50.66666666666666,3.2842073871075046,0.3782556272973207,4
10H,Italy_1,0,23,39.91304347826087,7,30.0,3.5771140125598984,0.1453855310679515,2
10H,India_3,0,36,13.61111111111111,10,46.0,3.4791336059570312,0.3436212458199888,34
11S,London_3,1,41,27.24390243902439,0,0.0,4.325165714279877,0.068746105220939,0
11S,France_3,1,40,27.7,0,0.0,4.400284924367481,0.0833869367804884,2
11S,France_1,1,38,29.157894736842103,0,0.0,4.786771858744355,0.310824359267588,0
11S,Brazil_1,1,48,22.89583333333333,0,0.0,4.4671118389549225,0.0553831275704948,0
11S,Vietnam_2,1,32,30.8125,2,6.0,4.07834609726728,0.1030180048257696,0
11S,Russia_3,1,46,23.45652173913044,2,10.0,4.534421553603632,0.318630147750138,1
11S,Brazil_3,1,51,19.392156862745097,4,12.0,4.062479339030959,0.1118712902608653,6
11S,Mexico_3,0,50,20.46,6,8.0,4.629884354469017,0.1012452926646002,6
11S,Sweden_4,1,35,24.085714285714285,7,25.142857142857142,3.804179756941196,0.14437740294078,2
11S,Singapore_3,1,17,65.82352941176471,3,6.0,4.186360334822023,0.0894347946571452,5
11S,London_1,1,46,23.282608695652176,5,6.4,4.432687527115104,0.1029136267709422,4
11S,India_3,0,26,33.57692307692308,5,49.8,4.602023699749242,0.2765075272638425,8
11S,Sweden_2,0,14,57.57142857142857,7,19.0,3.9189386164100415,0.3304230588278409,21
11S,Italy_4,0,29,15.517241379310343,19,9.0,3.4568419973299305,0.624076264381651,153
11S,Russia_1,0,23,10.565217391304348,11,37.54545454545455,3.3161747892137985,0.3234672839739269,2
11S,Italy_1,0,19,25.36842105263158,5,129.4,4.851277325227448,0.2861323400700643,17
11S,HongKong_3,1,21,33.476190476190474,12,23.916666666666668,4.081897405188854,0.4363795560587061,53
11S,India_1,1,22,26.5,9,45.55555555555556,4.296410626801243,0.1579231260589575,31
11S,NYC_4,1,11,8.545454545454545,9,6.222222222222222,3.0745965055218485,0.6607558695568913,268
11S,NYC_1,1,33,33.15151515151515,2,6.5,4.588938703309147,0.1067068747990146,0
11S,HongKong_1,0,44,19.454545454545453,4,53.0,4.162172583330684,0.0877284633651209,3
11S,Mexico_1,1,24,35.083333333333336,1,269.0,4.149581678734114,0.2994621466878938,0
11S,Singapore_1,1,28,39.25,5,7.2,4.898211222681506,0.0746937196423339,0
11S,Vietnam_1,1,55,18.527272727272727,3,5.333333333333333,4.648486487369848,0.0628774546000339,9
12K,France_3,1,40,26.875,2,5.5,4.374571119035993,0.0937939736426391,1
12K,NYC_4,0,37,26.054054054054053,8,6.875,4.228704768995744,0.3082058199499998,45
12K,London_3,1,35,31.714285714285715,1,6.0,3.638379673681107,0.1477823490503007,0
12K,HongKong_1,1,18,61.55555555555556,3,6.0,4.193510398218187,0.2669728593716337,0
12K,France_1,1,35,27.31428571428572,0,0.0,3.777388677942522,0.2132984156179942,0
12K,Brazil_1,0,28,20.607142857142858,14,13.285714285714286,3.661606393014874,0.2917760045629358,30
12K,Brazil_3,0,29,27.93103448275862,8,16.125,4.085784419422929,0.4041526138433925,32
12K,Mexico_3,0,41,23.317073170731707,4,12.75,3.943404787742029,0.2499507790532486,4
12K,India_3,1,36,23.02777777777778,7,19.428571428571427,3.832502518577137,0.3128966573873606,2
12K,India_1,0,31,23.41935483870968,14,13.785714285714286,4.186015018377673,0.4235237789050754,18
12K,Italy_4,0,29,31.86206896551724,0,0.0,4.074566686475599,0.2463881477692631,20
12K,Vietnam_2,0,39,24.89743589743589,2,12.5,3.470104341850477,0.1315676483932814,13
12K,Sweden_4,1,33,20.60606060606061,10,21.5,3.65004196717,0.3201848467778452,9
12K,Italy_1,0,35,21.142857142857142,11,15.818181818181818,4.230111697409209,0.4326103680937705,51
12K,Russia_3,0,23,26.43478260869565,6,59.66666666666666,4.102047286010141,0.821896707679117,79
12K,Vietnam_1,1,23,26.869565217391305,7,55.285714285714285,3.316638818268164,0.2943941919598528,6
12K,Mexico_1,0,30,19.9,9,27.0,3.5007970908592485,0.4535715373735217,5
12K,HongKong_3,0,39,24.743589743589745,4,11.0,4.085189726375517,0.1992393007109631,2
12K,Russia_1,0,36,20.416666666666668,12,11.75,3.5595317097065147,0.2861309988794746,56
12K,Singapore_1,1,34,25.38235294117647,2,44.5,3.911821605954353,0.2172619043918261,1
12K,Singapore_3,1,36,27.33333333333333,4,10.5,4.115060477878736,0.180906215220447,17
12K,Sweden_2,1,32,20.84375,7,17.714285714285715,4.293077069829842,0.2806539088601286,99
12K,NYC_1,0,12,28.666666666666668,5,144.4,3.5931620171729555,0.0929170758309324,2
12K,London_1,0,47,17.574468085106382,9,16.88888888888889,4.046105797500832,0.1740245566926209,67
13S,NYC_4,1,46,17.67391304347826,21,7.714285714285714,3.57113409507112,0.0983056064565754,5
13S,Italy_1,1,38,24.13157894736842,15,7.133333333333334,3.576441714638158,0.1360524548626507,12
13S,India_3,1,48,19.104166666666668,8,8.0,3.312732897306744,0.0496660875957643,5
13S,Brazil_3,1,38,25.68421052631579,11,7.909090909090909,3.080839224544743,0.0440823369726591,3
13S,Singapore_3,1,37,25.16216216216216,12,8.083333333333334,3.159846039521529,0.0666258601145897,4
13S,France_3,1,39,21.923076923076923,19,9.421052631578949,3.294279155389926,0.1238732532420165,4
13S,London_1,1,34,25.529411764705884,15,10.266666666666667,3.1213937360186907,0.086143559083766,4
13S,Mexico_1,0,44,19.34090909090909,17,9.352941176470589,3.251380839324804,0.0655809217499033,4
13S,Mexico_3,0,39,19.743589743589745,22,11.363636363636363,3.323375742228792,0.1041044094008759,0
13S,Sweden_4,1,38,24.13157894736842,15,10.866666666666667,3.121092403200965,0.0493849232379112,0
13S,HongKong_1,1,34,22.41176470588235,23,12.043478260869565,3.428795548396572,0.1127538506777745,7
13S,Vietnam_1,0,50,15.94,22,10.0,3.485041373339744,0.1197953275379902,0
13S,Singapore_1,1,31,26.870967741935484,22,9.590909090909092,3.414471824801698,0.0844503782099675,7
13S,Sweden_2,0,39,24.17948717948718,11,10.272727272727272,3.374496474076376,0.1904604450344641,5
13S,Brazil_1,0,45,20.266666666666666,14,9.642857142857142,3.472889705158201,0.2174242231504364,8
13S,Russia_1,0,36,23.08333333333333,14,17.142857142857142,3.248979650026069,0.0679697593080824,3
13S,India_1,0,45,19.22222222222222,11,17.181818181818183,3.497062043515508,0.0907333637519667,4
13S,Vietnam_2,0,42,20.928571428571427,13,13.23076923076923,3.483761975145716,0.0892112358576042,0
13S,NYC_1,0,39,22.41025641025641,8,22.875,2.9690295319059,0.0678003322662566,2
13S,London_3,0,41,23.146341463414632,13,8.538461538461538,3.311899981383711,0.0680041300904343,8
13S,Italy_4,1,39,22.846153846153847,13,13.615384615384617,3.4813804925656786,0.1227951190207383,1
13S,Russia_3,0,34,25.41176470588235,11,18.545454545454547,3.371461881731692,0.1238448955849221,4
13S,France_1,0,38,23.13157894736842,12,14.75,3.343200324563419,0.1079764027303482,3
13S,HongKong_3,0,51,17.019607843137255,12,8.833333333333334,3.393808791300646,0.1036425333720035,15
14T,Brazil_1,1,32,33.84375,5,10.4,3.5177202958327074,0.102040665416044,2
14T,Vietnam_2,0,23,47.43478260869565,5,10.6,3.344082125849148,0.0722825672816578,0
14T,Mexico_3,1,28,38.035714285714285,6,10.5,3.3863744408599934,0.1000240114938693,0
14T,London_3,0,26,40.5,6,12.166666666666666,3.198260773495972,0.0990615963270255,4
14T,Italy_4,0,24,44.125,6,10.666666666666666,3.147381728803608,0.1715568213718571,0
14T,France_1,1,25,42.84,4,10.25,3.315408972537879,0.1871258248396114,2
14T,France_3,1,35,30.228571428571428,4,11.5,2.775690364505356,0.0626878250813496,5
14T,Mexico_1,1,25,40.32,7,16.142857142857142,2.692037802951188,0.1106643535069672,6
14T,Russia_3,0,33,27.90909090909091,10,20.2,2.8941581143911583,0.0823625995255434,4
14T,NYC_1,1,25,43.2,5,9.0,3.5370897166820354,0.1316512649412719,5
14T,NYC_4,1,34,29.764705882352946,7,11.142857142857142,3.283637466293691,0.1723097266844251,8
14T,Vietnam_1,0,26,39.61538461538461,7,13.714285714285714,3.235427870291764,0.1581416861494607,0
14T,Sweden_4,1,29,37.62068965517241,3,15.666666666666666,2.9662217696507773,0.0512693556783724,0
14T,Russia_1,0,39,26.512820512820515,1,44.0,3.2189714453380422,0.26101778545851,0
14T,India_1,1,29,33.241379310344826,7,20.428571428571427,3.4006725423796533,0.1948231847265228,1
14T,Sweden_2,1,30,36.36666666666667,3,12.666666666666666,3.24104659692761,0.1385980195823987,0
14T,India_3,0,26,39.76923076923077,5,14.2,3.315446694409657,0.1894562216786505,2
14T,Singapore_1,0,26,34.57692307692308,8,25.5,2.980393780228108,0.090552847581863,0
14T,London_1,1,23,47.30434782608695,6,9.5,3.389594564087128,0.085774007913769,0
14T,HongKong_3,0,22,48.95454545454545,4,21.0,3.28091559418656,0.1156957821781753,0
14T,Singapore_3,0,27,40.44444444444444,5,9.8,3.1610591901719363,0.0423980081719852,1
14T,HongKong_1,1,26,39.19230769230769,7,14.285714285714286,3.199446659938545,0.0683124109271294,0
14T,Italy_1,1,36,27.27777777777778,8,15.5,3.128601515059813,0.1938600497309227,0
14T,Brazil_3,0,37,26.783783783783782,8,10.5,3.056490001111928,0.2692596204752124,24
15M,Mexico_3,1,46,23.195652173913043,2,5.0,4.853480937718942,0.071469307913149,0
15M,Russia_3,1,55,17.636363636363637,1,11.0,4.581319002761054,0.1699990601541878,6
15M,India_3,1,39,24.692307692307693,8,8.875,4.458243636336314,0.0928500201116497,9
15M,Sweden_2,1,49,20.10204081632653,5,6.2,4.515303652284461,0.2904472975898839,4
15M,HongKong_1,1,44,21.09090909090909,8,8.125,4.160339861360503,0.0942196830359102,6
15M,Sweden_4,1,50,18.64,9,8.666666666666666,3.971830615036779,0.1084475152246124,8
15M,Singapore_3,0,50,19.22,7,7.0,4.035487336430042,0.1036163156285881,10
15M,Italy_1,0,31,24.096774193548388,16,12.4375,5.008251482424868,0.2109341394638611,10
15M,Brazil_1,1,50,18.44,7,8.428571428571429,4.083903238282981,0.1446746384970365,1
15M,Mexico_1,0,34,28.88235294117647,10,8.1,4.543472962413761,0.3166576944893558,3
15M,Vietnam_1,1,44,21.977272727272727,7,11.428571428571429,4.440575110869595,0.2223808746275337,3
15M,Brazil_3,1,35,29.485714285714284,1,15.0,3.72013805883603,0.2391333561593433,0
15M,HongKong_3,0,45,22.444444444444443,3,12.0,4.387110068822987,0.0764076380326881,4
15M,Vietnam_2,1,47,20.48936170212766,3,11.333333333333334,3.9072925253863975,0.068023473720952,0
15M,France_3,0,45,20.155555555555555,6,11.166666666666666,4.183124640745874,0.2413559930549592,6
15M,Russia_1,1,37,26.97297297297297,4,7.0,3.9213564123661873,0.2041167574893898,5
15M,London_3,1,35,30.6,1,18.0,3.418472303047408,0.0761762425697204,0
15M,London_1,0,39,24.15384615384616,4,30.0,4.331661687833127,0.078402122817504,13
15M,NYC_1,1,53,18.20754716981132,7,7.428571428571429,4.708655768470663,0.1416286466022285,3
15M,Singapore_1,1,43,23.953488372093023,4,9.25,4.203820644620183,0.0863718214796809,6
15M,NYC_4,0,35,23.62857142857143,8,13.25,4.243406378858282,0.2085678701962819,19
15M,France_1,1,39,24.56410256410257,2,23.0,4.403433380260919,0.3013262471886157,14
15M,India_1,1,30,23.633333333333333,8,42.25,4.169280145199123,0.2484052295958987,4
15M,Italy_4,1,52,16.403846153846153,4,15.25,3.958816609772923,0.1172383837501318,48
16Y,London_3,0,40,27.3,3,7.333333333333333,2.972770142228636,0.1098971723247859,2
16Y,Italy_4,1,41,25.414634146341463,7,8.428571428571429,2.866603204929797,0.2393267042164883,2
16Y,Mexico_1,0,31,36.03225806451613,2,8.5,2.8039880914203192,0.0581014320913584,0
16Y,India_3,1,41,25.853658536585368,6,9.333333333333334,3.179083369431116,0.0620745376364928,0
16Y,Russia_3,1,30,36.833333333333336,2,8.0,3.166855039742281,0.110193573318218,0
16Y,Vietnam_2,1,34,30.91176470588235,7,9.142857142857142,3.2054922108959074,0.0717757548838462,0
16Y,Mexico_3,0,35,30.0,5,11.0,3.237584763581532,0.1106504213333277,0
16Y,Vietnam_1,0,32,34.625,2,6.5,3.2381673651226497,0.1819164631330254,0
16Y,Brazil_1,0,33,31.21212121212121,7,11.714285714285714,3.126556082011124,0.0998174973388753,0
16Y,Sweden_4,1,17,65.6470588235294,3,7.666666666666667,3.167089543790899,0.0792260741359562,3
16Y,HongKong_3,1,34,30.823529411764707,6,8.5,2.953163803985542,0.0430736468135864,2
16Y,London_1,1,30,37.56666666666667,1,5.0,3.0125383521328453,0.0396873613440537,0
16Y,India_1,1,31,35.516129032258064,4,7.0,3.415644697947045,0.1222740846143041,0
16Y,Sweden_2,0,19,59.31578947368421,4,9.0,3.0398979810221074,0.081492033884786,0
16Y,France_3,0,26,41.96153846153846,3,10.333333333333334,3.0399985252020185,0.1568259729179388,0
16Y,France_1,0,28,40.392857142857146,1,6.0,3.2503547987945915,0.2017254903485369,0
16Y,Italy_1,0,25,44.04,5,8.0,2.8803951339129235,0.038170030900541,0
16Y,Russia_1,0,19,60.526315789473685,2,6.5,3.2329669678764503,0.2935862912412606,0
16Y,Brazil_3,0,18,62.5,3,7.666666666666667,2.785239622364028,0.059482013689635,0
16Y,NYC_1,0,30,35.8,4,8.0,3.0484014698232103,0.0412580675819424,0
16Y,Singapore_1,0,27,41.81481481481482,2,9.0,3.05528509060744,0.1532533636279116,0
16Y,Singapore_3,0,26,42.11538461538461,2,6.5,2.693559058237884,0.0554041362735642,4
16Y,NYC_4,0,27,40.81481481481482,3,8.666666666666666,3.080447688941792,0.1651444639530024,0
16Y,HongKong_1,0,45,22.177777777777777,5,11.4,3.132467920244528,0.061057981319663,13
17O,Brazil_3,1,47,19.659574468085108,12,8.416666666666666,3.4188497501568205,0.0438588785510087,36
17O,France_1,1,36,23.97222222222222,18,11.88888888888889,3.449041376259121,0.0691331089935699,15
17O,Vietnam_1,0,36,24.916666666666668,13,13.923076923076923,3.171221422703686,0.0600026291835369,0
17O,NYC_1,1,38,23.526315789473685,16,11.5,2.969407151201538,0.0651112532238167,14
17O,France_3,0,44,19.681818181818183,15,11.2,3.218683102962908,0.0769489192806689,16
17O,NYC_4,1,35,26.31428571428572,11,12.363636363636363,2.7269296628090296,0.0305869213565961,3
17O,Sweden_4,1,31,30.096774193548388,13,12.384615384615383,2.9044737916920687,0.0776014403182861,8
17O,India_3,0,36,23.80555555555556,18,10.166666666666666,2.9764319642981087,0.0870979552676742,38
17O,HongKong_3,1,35,24.77142857142857,18,11.22222222222222,3.104851329914873,0.0970937409956683,3
17O,Mexico_1,1,43,20.74418604651163,18,9.27777777777778,3.0106513740480407,0.0785168535942314,24
17O,Russia_3,0,29,35.10344827586207,6,16.5,3.2418626542524858,0.2881463905665204,0
17O,Singapore_3,1,31,29.90322580645161,14,11.5,2.898056074373984,0.0326459127581113,8
17O,London_3,0,18,32.111111111111114,8,68.875,2.6831625305081737,0.0410967729313783,3
17O,Vietnam_2,1,35,25.0,15,11.0,2.9087703397137314,0.0653687997271801,7
17O,Russia_1,1,38,23.605263157894736,13,13.076923076923077,2.9237925360745813,0.0493761731570022,9
17O,Italy_1,1,35,23.8,17,14.823529411764708,3.080879678203084,0.0501976637106072,1
17O,Sweden_2,1,31,30.806451612903224,12,12.583333333333334,2.932849298555358,0.0378278661019454,0
17O,Singapore_1,0,33,28.939393939393938,11,12.818181818181818,2.949622984972045,0.0864260313299221,2
17O,Italy_4,0,30,33.56666666666667,9,12.333333333333334,2.9356187330875905,0.1132992902868693,1
17O,London_1,1,34,28.0,9,14.666666666666666,2.777841347293369,0.0524232266485614,9
17O,HongKong_1,0,32,29.75,10,14.0,2.9529099437272075,0.0171906975692526,11
17O,India_1,1,34,24.73529411764705,14,18.357142857142858,3.035147477412452,0.0334602284577021,0
17O,Brazil_1,1,26,33.5,14,13.357142857142858,3.383177850649689,0.0887656770028272,18
17O,Mexico_3,1,52,16.692307692307693,12,10.333333333333334,3.052246180612177,0.1164733962848325,80
18N,Singapore_1,1,33,22.57575757575757,14,14.714285714285714,4.106695463693686,0.1204512061864407,11
18N,NYC_4,1,33,19.33333333333333,13,13.923076923076923,4.192075035270166,0.2473130673439277,3
18N,London_1,1,24,44.125,3,12.666666666666666,3.626456184783197,0.0352782110941119,6
18N,HongKong_3,0,41,23.634146341463413,9,9.666666666666666,3.6450012041922624,0.0422657324482318,10
18N,India_1,1,42,18.404761904761905,9,13.11111111111111,4.009140997707677,0.0633761702994412,2
18N,Sweden_2,0,49,17.06122448979592,6,13.666666666666666,4.07537211783352,0.1194743145188584,5
18N,Vietnam_1,1,47,17.80851063829787,11,9.363636363636363,3.978204634996152,0.1160030510626935,17
18N,Mexico_3,1,43,19.953488372093023,10,10.9,3.7441309856351097,0.138617519917659,1
18N,Brazil_3,0,44,20.40909090909091,11,9.636363636363637,3.592623892952414,0.1054940428095848,0
18N,France_1,0,45,17.844444444444445,10,12.2,3.7821068330244585,0.2838718980001569,6
18N,Brazil_1,1,41,21.5609756097561,7,10.714285714285714,4.122003360951237,0.0896608232832516,4
18N,Russia_3,1,48,15.520833333333334,9,16.11111111111111,3.939855423486657,0.1682789919663488,10
18N,Vietnam_2,0,49,17.551020408163264,9,12.22222222222222,3.704982828210901,0.2269314591569105,11
18N,Sweden_4,1,44,17.886363636363637,9,15.666666666666666,3.726443890293249,0.0816441958146709,2
18N,Italy_4,0,40,22.55,8,10.5,3.76519244769672,0.2230682194667466,2
18N,Mexico_1,0,39,19.487179487179485,11,13.454545454545457,3.6649683079043567,0.0645817355122017,5
18N,London_3,1,36,22.27777777777778,9,13.333333333333334,3.2033302608856373,0.0346847605976343,0
18N,Singapore_3,0,42,19.404761904761905,7,20.285714285714285,3.526961695084979,0.0489121740425757,1
18N,India_3,0,47,15.97872340425532,13,12.76923076923077,3.8927419115925392,0.0965728891505427,17
18N,Russia_1,0,44,17.636363636363637,8,17.0,3.659481001399337,0.0487901719390542,0
18N,NYC_1,0,36,23.80555555555556,9,13.444444444444445,3.804243823562222,0.1226109210798271,2
18N,France_3,1,37,22.2972972972973,10,13.7,3.870737373148987,0.1520394436551252,11
18N,HongKong_1,0,33,26.78787878787879,10,11.8,3.868787899571484,0.1071568832877742,7
18N,Italy_1,0,53,15.50943396226415,10,10.5,4.292226311880783,0.1133017143341848,65
19M,France_1,1,48,21.416666666666668,4,6.5,4.645689533181386,0.75424647264329,9
19M,Sweden_4,1,42,25.476190476190474,0,0.0,3.901068151047124,0.0773136289920895,10
19M,Vietnam_1,1,32,31.65625,6,16.166666666666668,3.855266622922038,0.1362015790956193,1
19M,London_1,1,38,28.86842105263158,1,11.0,3.8008656198438495,0.0625576518537953,2
19M,NYC_1,1,43,24.88372093023256,2,12.0,3.669588740079032,0.2361767642122859,9
19M,Mexico_1,1,38,28.789473684210527,2,10.0,3.4255553448574334,0.1758875511304288,2
19M,Italy_4,1,35,30.82857142857143,2,7.0,3.955484749708192,0.1829267109158915,0
19M,Singapore_1,1,29,38.241379310344826,1,6.0,3.868402743440137,0.1380542513936215,9
19M,HongKong_3,1,35,30.77142857142857,2,8.0,3.7542887524703232,0.2056934775140701,4
19M,Italy_1,1,44,23.77272727272728,1,5.0,3.884708090389476,0.1749416673447036,7
19M,Brazil_1,1,41,25.29268292682927,3,10.0,4.104731856397614,0.0845820083419019,8
19M,Russia_3,1,31,33.483870967741936,5,11.8,4.007903463798657,0.1400453127607261,6
19M,NYC_4,1,32,31.28125,6,11.0,3.8868438639539353,0.2343469800393922,11
19M,HongKong_1,1,38,26.94736842105263,5,7.8,4.114828929060373,0.082178434637686,9
19M,Mexico_3,1,28,35.57142857142857,5,13.2,3.8450148354018254,0.4397942331036785,6
19M,Brazil_3,1,35,27.485714285714284,6,7.666666666666667,4.326687550295521,0.5097421786579989,36
19M,Sweden_2,1,30,32.96666666666667,6,8.0,4.326218442464335,0.4140613506193314,30
19M,Vietnam_2,1,46,22.695652173913043,4,7.5,4.2064816578325015,0.3053542368755373,6
19M,India_3,1,41,24.634146341463413,4,9.5,4.224840049644052,0.3156723134333098,10
19M,India_1,1,38,26.13157894736842,6,9.833333333333334,4.29963192902014,0.3418430123932737,1
19M,France_3,0,27,34.925925925925924,7,11.857142857142858,3.993721587748467,0.3974869220784974,14
19M,London_3,1,36,23.63888888888889,8,8.5,4.201076950980375,0.2442107272626336,36
19M,Singapore_3,0,32,26.09375,9,15.22222222222222,3.771644816466418,0.2301867146819722,44
19M,Russia_1,0,55,16.236363636363638,7,8.571428571428571,4.134694403790413,0.3141330546810059,46
20T,London_1,1,35,27.77142857142857,11,9.090909090909092,3.5028232595774047,0.1056545796064456,1
20T,Russia_3,1,32,32.8125,10,5.8,3.2910260652240955,0.0191614703521004,6
20T,France_3,1,32,29.46875,18,7.388888888888889,3.170224904329583,0.0428446316860362,5
20T,Russia_1,1,38,25.289473684210527,16,8.4375,3.372319722763728,0.0590796637993354,16
20T,NYC_1,1,32,32.3125,9,6.333333333333333,3.314947482517788,0.0338468769119946,11
20T,HongKong_3,1,38,24.0,18,8.38888888888889,3.162891945643732,0.0555918777947006,9
20T,Brazil_3,1,35,28.542857142857144,11,7.727272727272727,3.2947864163306453,0.0467692114391943,10
20T,HongKong_1,0,35,26.11428571428572,11,11.636363636363637,3.344702694327575,0.0462762431504149,24
20T,India_3,1,36,27.444444444444443,14,6.785714285714286,3.1355203062623414,0.041198430550687,0
20T,London_3,1,34,28.91176470588235,11,7.0,3.335453085991305,0.0554819828282928,2
20T,India_1,1,38,27.18421052631579,10,6.4,3.3526814414691413,0.0373665678610747,14
20T,Vietnam_2,0,43,21.27906976744186,17,8.235294117647058,3.388767713244617,0.0392358557647802,5
20T,Italy_1,1,24,41.458333333333336,9,8.555555555555555,3.637759042822797,0.0893628809003597,26
20T,Sweden_2,1,41,24.78048780487805,10,5.4,3.3252895355224608,0.0512803477842911,12
20T,Sweden_4,1,38,26.07894736842105,12,6.583333333333333,3.09486796615559,0.0349103279647783,13
20T,Singapore_3,0,33,30.12121212121212,15,5.4,3.532653612429336,0.0714837526285855,7
20T,Italy_4,0,36,25.444444444444443,11,9.909090909090908,3.33797040460234,0.0740842688616523,17
20T,Brazil_1,0,28,34.714285714285715,10,7.0,3.7361794112473854,0.0965043599406887,34
20T,Vietnam_1,0,29,35.03448275862069,10,5.4,3.436026349907129,0.0464250181120981,10
20T,Mexico_1,1,38,24.473684210526315,21,6.666666666666667,3.651715341475085,0.0718846797382164,32
20T,NYC_4,1,27,34.77777777777778,12,9.5,3.534274669499528,0.0830001719957305,12
20T,Singapore_1,1,38,25.026315789473685,13,8.153846153846153,3.416914716489116,0.0662251061289129,10
20T,Mexico_3,1,34,26.352941176470587,21,7.714285714285714,3.809828430296404,0.1446769790830457,6
20T,France_1,0,56,16.910714285714285,1,5.0,3.478138985679342,0.0658489131119401,14
21H,Mexico_1,1,49,17.0,14,12.214285714285714,3.65105355287976,0.0482927388895616,8
21H,Italy_1,1,42,13.38095238095238,16,18.1875,4.2665107234283655,0.1149541509447871,27
21H,London_3,0,37,17.81081081081081,12,21.5,3.699453057913945,0.1340639055884012,39
21H,Sweden_2,0,43,15.55813953488372,13,13.846153846153848,3.893603989802509,0.2113530112817631,44
21H,HongKong_1,1,42,17.595238095238095,15,16.733333333333334,3.812792800287785,0.0671697319847397,1
21H,France_3,0,37,19.64864864864865,11,19.363636363636363,3.8044953758088895,0.1481715436225163,4
21H,India_1,0,33,20.33333333333333,12,18.0,3.859735953052107,0.1598765701662927,0
21H,India_3,0,31,22.677419354838708,14,16.357142857142858,4.021594778696696,0.0704699314839358,18
21H,NYC_1,0,30,16.833333333333332,21,17.38095238095238,4.150008299292588,0.1062827780693302,5
21H,Vietnam_1,0,27,18.96296296296296,12,22.75,3.800478287581559,0.2917795973392575,10
21H,Russia_1,0,45,15.4,10,20.6,3.4283392680060003,0.0646566554811878,11
21H,Brazil_1,0,38,17.657894736842106,11,21.27272727272728,3.691840069599132,0.1158674968628834,4
21H,Sweden_4,0,40,21.325,6,14.833333333333334,3.249067095752176,0.0624142993478423,3
21H,Brazil_3,0,41,16.024390243902438,12,18.08333333333333,3.597420006191608,0.1149408574508733,0
21H,France_1,0,41,16.585365853658537,12,16.833333333333332,3.8343773434254778,0.2703115391403947,82
21H,London_1,0,35,20.34285714285714,12,19.166666666666668,3.80662595308744,0.1084126907503458,8
21H,NYC_4,0,31,21.90322580645161,16,18.25,3.909622074228472,0.1908613794969393,0
21H,Mexico_3,0,36,20.75,10,14.6,4.017008673435438,0.1569053462799953,14
21H,Singapore_1,0,33,19.727272727272727,17,18.058823529411764,3.434445513112741,0.1661718186036573,4
21H,Vietnam_2,0,33,16.09090909090909,14,20.642857142857142,3.64300776061329,0.0715292626314172,4
21H,HongKong_3,0,42,18.357142857142858,12,20.33333333333333,3.715448566039654,0.1432930697220923,3
21H,Italy_4,0,26,15.423076923076923,14,22.857142857142858,3.911848195097132,0.3672376723322291,6
21H,Singapore_3,0,32,18.84375,12,23.666666666666668,3.446651207829266,0.0977641138829495,21
21H,Russia_3,0,24,29.33333333333333,15,19.33333333333333,4.124162454368299,0.3169798598343687,5
22K,London_3,1,30,13.333333333333334,9,9.11111111111111,4.726712019621949,0.0398900337561303,39
22K,France_3,1,25,12.08,11,13.909090909090908,4.769468621975038,0.0960505624716075,87
22K,Sweden_2,1,20,9.9,11,16.454545454545453,4.758639151050199,0.2061178186765235,19
22K,HongKong_1,1,32,10.71875,10,14.1,4.331183267636017,0.0830819234391743,38
22K,India_1,1,21,9.904761904761903,13,14.0,4.442847452045958,0.1861083336194221,35
22K,Brazil_1,0,24,10.416666666666666,14,15.928571428571429,4.186244536211146,0.1510218308581692,35
22K,Italy_4,0,26,9.192307692307692,12,16.583333333333332,4.343328838308569,0.3081797034393257,10
22K,London_1,1,13,11.307692307692308,20,14.2,3.942018277585097,0.1341108870456401,38
22K,Mexico_3,0,11,11.636363636363637,11,19.545454545454547,4.180575875674977,0.0991925717405104,20
22K,Brazil_3,0,19,12.63157894736842,9,15.22222222222222,3.715570140733078,0.1278436884189822,38
22K,Singapore_3,0,10,7.9,17,20.294117647058822,4.013678895565042,0.2482111326883965,32
22K,Russia_3,0,21,10.333333333333334,15,15.266666666666667,4.541678914524108,0.235408924245454,42
22K,HongKong_3,0,16,10.0,15,17.666666666666668,3.848969457371165,0.2955722361035509,7
22K,Mexico_1,0,19,13.894736842105264,20,14.75,3.627166032511632,0.1455363218449921,55
22K,Sweden_4,0,19,10.421052631578949,16,15.4375,4.044484337303817,0.1114576627538152,148
22K,NYC_1,1,18,10.11111111111111,11,18.181818181818183,4.483825426603619,0.1835949498039644,30
22K,Italy_1,0,15,10.6,15,20.33333333333333,4.313045696879542,0.1282022346376019,27
22K,France_1,0,14,9.285714285714286,13,16.0,4.862834822343504,0.195381156477529,19
22K,Vietnam_1,0,21,10.523809523809524,11,18.818181818181817,4.583319841805151,0.3352817525470791,44
22K,India_3,0,15,10.266666666666667,12,16.833333333333332,3.9210287934990338,0.199756876775234,184
22K,Russia_1,0,13,9.615384615384617,13,20.53846153846154,4.042926801145411,0.1727432328690346,22
22K,Vietnam_2,1,16,10.0,15,18.53333333333333,4.437659242759502,0.2601000273353724,40
22K,NYC_4,1,19,11.052631578947368,14,19.357142857142858,4.457682458523712,0.2609161271501454,67
22K,Singapore_1,0,31,9.612903225806452,11,16.0,4.227383065730967,0.225184227787505,105
23H,Mexico_1,1,35,28.82857142857143,8,13.75,3.269136034752712,0.0552529146279543,0
23H,NYC_1,1,31,32.193548387096776,9,11.555555555555555,3.293455928373206,0.0395404482011503,0
23H,Mexico_3,1,46,21.782608695652176,8,12.5,3.3224813742715806,0.0369487321296488,0
23H,India_1,1,24,44.083333333333336,7,11.142857142857142,3.275180320263759,0.0440868323090889,2
23H,NYC_4,1,28,36.75,6,17.833333333333332,3.468951784571921,0.0844656980512225,2
23H,Sweden_2,1,29,28.517241379310345,8,35.625,3.397924988126494,0.1046022251522631,15
23H,France_1,1,32,29.875,11,13.0,3.2819272788697447,0.1307324367713847,2
23H,Italy_1,1,36,26.75,8,16.375,3.3306028069072102,0.1015729542000808,1
23H,India_3,1,30,24.0,10,37.5,3.174870037338109,0.1099918831860405,33
23H,Russia_3,1,24,40.208333333333336,10,15.1,3.322980123621817,0.1224793066288985,9
23H,London_1,1,28,34.67857142857143,10,14.2,3.2108157042301064,0.2052766394546888,2
23H,Vietnam_1,1,37,25.864864864864863,9,17.444444444444443,3.25738355685972,0.1038014503201018,1
23H,Russia_1,1,23,28.08695652173913,10,46.9,3.031236538821704,0.0841570305656758,27
23H,London_3,1,26,38.65384615384615,8,16.125,2.99370004349396,0.0322484525094625,1
23H,France_3,1,28,29.5,11,27.545454545454547,3.364480927636392,0.0557047655817594,7
23H,Vietnam_2,1,28,27.107142857142858,10,36.5,3.212312216387537,0.0517539846873657,9
23H,Brazil_1,1,28,29.964285714285715,11,24.818181818181817,3.0191827366213047,0.0380003139130835,4
23H,HongKong_1,1,27,29.703703703703702,10,30.7,3.1312545776367187,0.0376872924917311,7
23H,Singapore_3,1,30,29.266666666666666,7,35.42857142857143,2.999959352637539,0.0647581181823945,12
23H,Singapore_1,0,37,21.16216216216216,13,24.153846153846157,3.1986509851143183,0.0675654578248978,14
23H,HongKong_3,1,27,29.77777777777778,11,27.363636363636363,3.232232584454169,0.0885640977454225,12
23H,Sweden_4,0,31,26.29032258064516,11,25.90909090909091,2.927720919218836,0.097838046046357,2
23H,Italy_4,0,29,25.75862068965517,14,23.0,3.094469915241956,0.1017312278416279,6
23H,Brazil_3,1,42,19.59523809523809,7,37.57142857142857,2.983926163127716,0.0505963320969988,4
24K,Singapore_3,1,33,24.575757575757574,14,19.071428571428573,3.1409379361525116,0.07303019576988375,5
24K,Russia_1,1,33,21.545454545454547,15,21.0,3.026019997792701,0.08341106861955878,10
24K,NYC_4,1,40,20.375,10,20.1,2.9184572001098386,0.1402351816739294,5
24K,Brazil_3,1,28,33.535714285714285,11,14.545454545454545,2.612782272783298,0.049920009282567616,3
24K,London_3,0,25,27.72,16,18.25,2.6193593747228823,0.15096971308827037,9
24K,Sweden_4,0,35,22.142857142857142,11,20.636363636363637,2.673060104609784,0.11671834581620201,15
24K,Brazil_1,0,28,28.285714285714285,11,18.727272727272727,2.817637971642051,0.14375996184508327,14
24K,France_3,0,33,23.78787878787879,11,21.90909090909091,2.7570335267082093,0.08400237270949605,5
24K,NYC_1,0,29,28.517241379310345,11,20.90909090909091,2.790438532210337,0.12031394843418726,4
24K,Mexico_1,0,26,26.653846153846153,14,27.928571428571427,2.5239341533289545,0.22587420464831556,8
24K,HongKong_1,1,28,24.821428571428573,11,33.36363636363637,2.7132570576148227,0.08437076158816663,2
24K,Sweden_2,0,25,24.16,12,38.583333333333336,2.3547859611092035,0.05538151642621961,13
24K,Vietnam_2,0,34,17.11764705882353,12,34.916666666666664,2.4306740286462594,0.0807686475393288,16
24K,India_3,0,22,23.454545454545453,10,53.7,2.207033453266009,0.03855225590144608,4
24K,Russia_3,0,27,22.814814814814813,16,24.5625,2.5201546273580413,0.11514772463313294,9
24K,India_1,0,15,22.266666666666666,10,78.9,2.252278005340953,0.059734971396000175,6
24K,London_1,0,30,16.866666666666667,12,48.333333333333336,2.371265200139645,0.09071215878377398,14
24K,Italy_1,0,20,33.45,9,45.77777777777778,2.7005884564733935,0.1481502936981831,0
24K,France_1,0,27,24.555555555555557,13,28.384615384615383,2.6405977669090657,0.11307926137575254,14
24K,HongKong_3,0,17,20.058823529411764,10,76.9,2.2622786467930056,0.08496980027503793,3
24K,Singapore_1,0,33,21.242424242424242,15,22.466666666666665,2.5435732231765495,0.0614461913527599,7
24K,Mexico_3,0,22,21.954545454545453,12,47.833333333333336,2.4396090407363817,0.0942877886693125,9
24K,Vietnam_1,0,11,20.636363636363637,10,89.2,2.448450164794922,0.1610708129108902,16
24K,Italy_4,0,28,18.464285714285715,11,45.27272727272727,2.478954613727072,0.09162348714711224,53
